publish_time,title
2018.05,BTS (방탄소년단) 'FAKE LOVE' Official MV
2017.12,YouTube Rewind: The Shape of 2017 | #YouTubeRewind
2018.02,To Our Daughter
2018.04,VENOM - Official Trailer (HD)
2018.03,Taylor Swift - Delicate
2018.01,"Taylor Swift - End Game ft. Ed Sheeran, Future"
2017.11,BTS (방탄소년단) 'MIC Drop (Steve Aoki Remix)' Official MV
2018.06,Dhadak | Official Trailer | Janhvi & Ishaan | Shashank Khaitan | Karan Johar
2016.07,お昼寝の前にお話しないと眠れない猫♥♥猫との会話を楽しむ動画 Conversation with a cat
2015.03,AC-130 Gunship Simulator - Convoy engagement
2017.01,فؤاد عبدالواحد - أتخيل (عود) | 2017
2017.10,MediaTek Imagiq - Dual Camera Technology - Revolutionizing Mobile Photography
2017.08,Взлёт самолёта Ан-148 Орск-Москва!
2017.06,La Roche-Posay | Save Your Skin | Nic Von Rupp recomenda Anthelios
2017.03,I got a freestyle rap
2017.07,50djs50states.com| Get ur song promoted to over 500k+ including DJs/A&Rs/Booking via social media.
2017.05,Goncagül FEYMAN ile 1 DÜNYA İŞ (3 mayıs 2017) Metin BIÇAK
2016.11,Dancing Staffy Dog Branch Tango!
2017.09,Hair Restoration Laboratories DHT Blocking Hair Loss Shampoo-the best shampoo for hair loss is here!
2011.06,wattaluschi
2017.02,Siri can't keep up
2016.09,"Close to the Earth professional Managed Tech Services for individuals, small business and families."
2016.04,BODYPACK Business & Prodigers Series 2016
2017.04,Русский Фейерверк Екатреинбург
2016.12,TECHNO PARADE  Tu penses que l'on est quelle chaîne ? Ah ! Antenne 2
2015.11,Игорь Герц - Водочка
2015.07,10Second
2014.04,Реклама Ферреро Роше - Дмитрий Хворостовский (Тореадор)
2016.08,Teaser | One Girl | ATT-Anurag Tomar | Full Song Coming Soon | ATT MUSIC | 2016
2015.08,Hoy by Areian Michell
2014.02,VFS GLOBAL HOLLANDA VİZESİ 0 312 419 62 14
2013.07,حروف بلا مشاعر
2014.12,КАК ЕВРОПА ОТРЕАГИРОВАЛА НА ПОСЛАНИЕ ПРЕЗИДЕНТА РФ В.В.ПУТИНА
2015.05,"Проездной билет (4 серия) Фильм, сериал, мелодрама"
2015.09,Мафиозник
2016.02,High school students were taken to Black Box / Siswa SMA dibawa ke Black Box
2012.06,Shoot Faster Talk Later - Promotional Video [PLEASE UPLOAD!]
